Time,Longitude,Latitude,Altitude,Velocity,Density,HeatFlux,geometry
0.0,110.0,-20.0,120000.0,7781.455326325239,9.055655105825188e-07,63755.883963863416,POINT (110 -20)
1.0025062656641603,109.93734335839599,-19.924812030075188,119566.94949970274,7780.985867482341,9.528969254230451e-07,65388.99938732937,POINT (109.93734335839599 -19.924812030075188)
2.0050125313283207,109.87468671679198,-19.849624060150376,119133.90571109635,7780.504555246675,1.0027014311979113e-06,67063.61355999539,POINT (109.87468671679198 -19.849624060150376)
3.007518796992481,109.81203007518798,-19.774436090225564,118700.87534576771,7780.011091918794,1.0551073736840041e-06,68780.73727778599,POINT (109.81203007518798 -19.774436090225564)
4.010025062656641,109.74937343358395,-19.69924812030075,118267.86511509566,7779.505172403861,1.1102496698583172e-06,70541.40367745423,POINT (109.74937343358395 -19.69924812030075)
5.012531328320802,109.68671679197995,-19.62406015037594,117834.88173014692,7778.986484032114,1.168270137289854e-06,72346.66862546586,POINT (109.68671679197995 -19.62406015037594)
6.015037593984962,109.62406015037594,-19.548872180451127,117401.93190157224,7778.45470637518,1.2293178395460845e-06,74197.61110868803,POINT (109.62406015037594 -19.548872180451127)
7.017543859649122,109.56140350877193,-19.473684210526315,116969.02233950217,7777.909511058164,1.2935494483598122e-06,76095.33362660531,POINT (109.56140350877193 -19.473684210526315)
8.020050125313283,109.49874686716792,-19.398496240601503,116536.1597534433,7777.35056156743,1.3611296233347586e-06,78040.96258476151,POINT (109.49874686716792 -19.398496240601503)
9.022556390977442,109.43609022556392,-19.32330827067669,116103.35085217407,7776.777513053975,1.4322314100023487e-06,80035.64868911225,POINT (109.43609022556392 -19.32330827067669)
10.025062656641603,109.3734335839599,-19.24812030075188,115670.60234364093,7776.190012132315,1.5070366570773174e-06,82080.56734094785,POINT (109.3734335839599 -19.24812030075188)
11.027568922305765,109.31077694235589,-19.172932330827066,115237.9209348543,7775.587696674805,1.5857364537965084e-06,84176.91903202681,POINT (109.31077694235589 -19.172932330827066)
12.030075187969924,109.24812030075188,-19.097744360902254,114805.31333178464,7774.970195601278,1.6685315882633947e-06,86325.92973953774,POINT (109.24812030075188 -19.097744360902254)
13.032581453634084,109.18546365914787,-19.022556390977442,114372.78623925854,7774.337128663943,1.755633027760416e-06,88528.85132048339,POINT (109.18546365914787 -19.022556390977442)
14.035087719298245,109.12280701754386,-18.94736842105263,113940.3463608548,7773.688106227426,1.8472624220324136e-06,90786.96190505676,POINT (109.12280701754386 -18.94736842105263)
15.037593984962406,109.06015037593986,-18.872180451127818,113508.00039880049,7773.02272904387,1.9436526305871633e-06,93101.56628855303,POINT (109.06015037593986 -18.872180451127818)
16.040100250626566,108.99749373433583,-18.796992481203006,113075.75505386712,7772.340588023007,2.0450482751033725e-06,95473.99632133583,POINT (108.99749373433583 -18.796992481203006)
17.042606516290725,108.93483709273183,-18.721804511278194,112643.61702526677,7771.641263997098,2.151706318082604e-06,97905.61129634765,POINT (108.93483709273183 -18.721804511278194)
18.045112781954884,108.87218045112782,-18.646616541353385,112211.59301054825,7770.924327480652,2.2638966689292627e-06,100397.79833362516,POINT (108.87218045112782 -18.646616541353385)
19.047619047619047,108.80952380952381,-18.571428571428573,111779.68970549334,7770.189338424829,2.3819028186925696e-06,102951.972761253,POINT (108.80952380952381 -18.571428571428573)
20.050125313283207,108.7468671679198,-18.49624060150376,111347.91380401295,7769.435845966425,2.5060225047556386e-06,105569.57849215448,POINT (108.7468671679198 -18.49624060150376)
21.052631578947366,108.6842105263158,-18.42105263157895,110916.27199804345,7768.66338817135,2.636568406810299e-06,108252.08839608896,POINT (108.6842105263158 -18.42105263157895)
22.05513784461153,108.62155388471177,-18.345864661654137,110484.77097744287,7767.871491772495,2.773868875511463e-06,111001.00466618981,POINT (108.62155388471177 -18.345864661654137)
23.05764411027569,108.55889724310777,-18.270676691729324,110053.4174298873,7767.059671901901,2.9182686952621945e-06,113817.85917934304,POINT (108.55889724310777 -18.270676691729324)
24.06015037593985,108.49624060150376,-18.195488721804512,109622.21804076714,7766.2274318171185,3.070129882640057e-06,116704.21384967162,POINT (108.49624060150376 -18.195488721804512)
25.062656641604008,108.43358395989975,-18.1203007518797,109191.17949308363,7765.374262621666,3.2298325220365706e-06,119661.66097434756,POINT (108.43358395989975 -18.1203007518797)
26.065162907268167,108.37092731829574,-18.045112781954888,108760.30846734512,7764.499642979503,3.3977756401457698e-06,122691.82357092576,POINT (108.37092731829574 -18.045112781954888)
27.06766917293233,108.30827067669173,-17.969924812030076,108329.61164146362,7763.603038823383,3.574378121003189e-06,125796.35570533879,POINT (108.30827067669173 -17.969924812030076)
28.07017543859649,108.24561403508773,-17.894736842105264,107899.09569065127,7762.683903057043,3.7600796633453195e-06,128976.9428096634,POINT (108.24561403508773 -17.894736842105264)
29.07268170426065,108.1829573934837,-17.81954887218045,107468.76728731694,7761.7416752510735,3.9553417821299656e-06,132235.3019887168,POINT (108.1829573934837 -17.81954887218045)
30.075187969924812,108.1203007518797,-17.74436090225564,107038.63310096269,7760.77578133242,4.160648856131013e-06,135573.1823145019,POINT (108.1203007518797 -17.74436090225564)
31.07769423558897,108.05764411027569,-17.669172932330827,106608.69979808055,7759.785633267388,4.376509223596551e-06,138992.36510746914,POINT (108.05764411027569 -17.669172932330827)
32.08020050125313,107.99498746867168,-17.593984962406015,106178.9740420491,7758.770628738078,4.6034563280375354e-06,142494.66420351886,POINT (107.99498746867168 -17.593984962406015)
33.08270676691729,107.93233082706767,-17.518796992481203,105749.46249303024,7757.730150812133,4.8420499162946385e-06,146081.9262056153,POINT (107.93233082706767 -17.518796992481203)
34.08521303258145,107.86967418546367,-17.44360902255639,105320.17180786593,7756.663567605731,5.092877291114528e-06,149756.0307188358,POINT (107.86967418546367 -17.44360902255639)
35.08771929824561,107.80701754385964,-17.36842105263158,104891.10863997511,7755.570231939703,5.356554620552495e-06,153518.89056761737,POINT (107.80701754385964 -17.36842105263158)
36.09022556390977,107.74436090225564,-17.293233082706767,104462.27963925041,7754.449480988709,5.633728306607807e-06,157372.4519939222,POINT (107.74436090225564 -17.293233082706767)
37.092731829573935,107.68170426065163,-17.218045112781954,104033.69145195527,7753.300635923368,5.925076415589139e-06,161318.69483497005,POINT (107.68170426065163 -17.218045112781954)
38.095238095238095,107.61904761904762,-17.142857142857142,103605.35072062082,7752.123001545255,6.231310172802817e-06,165359.632679143,POINT (107.61904761904762 -17.142857142857142)
39.097744360902254,107.55639097744361,-17.06766917293233,103177.26408394295,7750.915865914694,6.553175524253463e-06,169497.31299859544,POINT (107.55639097744361 -17.06766917293233)
40.100250626566414,107.4937343358396,-16.992481203007518,102749.43817667947,7749.6784999712445,6.891454768147929e-06,173733.81725705057,POINT (107.4937343358396 -16.992481203007518)
41.10275689223057,107.43107769423558,-16.917293233082706,102321.87962954721,7748.410157146813,7.246968259096419e-06,178071.26099119117,POINT (107.43107769423558 -16.917293233082706)
42.10526315789473,107.36842105263158,-16.842105263157894,101894.59506911927,7747.11007297131,7.620576188012298e-06,182511.79386399835,POINT (107.36842105263158 -16.842105263157894)
43.10776942355889,107.30576441102757,-16.76691729323308,101467.59111772238,7745.77746467078,8.013180440821062e-06,187057.59968831082,POINT (107.30576441102757 -16.76691729323308)
44.11027568922306,107.24310776942356,-16.69172932330827,101040.87439333415,7744.411530757928,8.42572653920341e-06,191710.89641882293,POINT (107.24310776942356 -16.69172932330827)
45.11278195488722,107.18045112781955,-16.616541353383457,100614.45150948061,7743.011450614982,8.85920566671277e-06,196473.936110657,POINT (107.18045112781955 -16.616541353383457)
46.11528822055138,107.11779448621554,-16.54135338345865,100188.32907513366,7741.576384068827,9.314656783728338e-06,201349.00484257902,POINT (107.11779448621554 -16.54135338345865)
47.11779448621554,107.05513784461152,-16.466165413533837,99762.51369460863,7740.105470958353,9.79316883482727e-06,206338.42260285045,POINT (107.05513784461152 -16.466165413533837)
48.1203007518797,106.99248120300751,-16.390977443609025,99337.01196746192,7738.597830693961,1.0295883052286935e-05,211444.54313563262,POINT (106.99248120300751 -16.390977443609025)
49.122807017543856,106.9298245614035,-16.315789473684212,98911.83048838878,7737.052561809183,1.082399535955772e-05,216669.75374578193,POINT (106.9298245614035 -16.315789473684212)
50.125313283208015,106.8671679197995,-16.2406015037594,98486.975847121,7735.468741504378,1.1378758878680961e-05,222016.47505979656,POINT (106.8671679197995 -16.2406015037594)
51.127819548872175,106.80451127819549,-16.165413533834588,98062.45462832486,7733.845425182456,1.1961486545763168e-05,227487.16074058806,POINT (106.80451127819549 -16.165413533834588)
52.130325814536334,106.74185463659148,-16.090225563909776,97638.27341149905,7732.181645976619,1.2573553838759152e-05,233084.29715367773,POINT (106.74185463659148 -16.090225563909776)
53.1328320802005,106.67919799498748,-16.015037593984964,97214.43877087266,7730.476414270081,1.321640162196005e-05,238810.4029823226,POINT (106.67919799498748 -16.015037593984964)
54.13533834586466,106.61654135338345,-15.939849624060152,96790.95727530337,7728.728717207764,1.3891539111730696e-05,244668.02878899666,POINT (106.61654135338345 -15.939849624060152)
55.13784461152882,106.55388471177945,-15.86466165413534,96367.83548817557,7726.937518199964,1.4600546968192373e-05,250659.7565205657,POINT (106.55388471177945 -15.86466165413534)
56.14035087719298,106.49122807017544,-15.789473684210527,95945.07996729866,7725.101756417982,1.5345080517701074e-05,256788.19895439746,POINT (106.49122807017544 -15.789473684210527)
57.14285714285714,106.42857142857143,-15.714285714285715,95522.69726480542,7723.220346281747,1.6126873111131684e-05,263055.9990825726,POINT (106.42857142857143 -15.714285714285715)
58.1453634085213,106.36591478696742,-15.639097744360903,95100.69392705044,7721.292176939447,1.6947739623139012e-05,269465.82943125453,POINT (106.36591478696742 -15.639097744360903)
59.14786967418546,106.30325814536342,-15.563909774436091,94679.07649450868,7719.316111739194,1.780958009773391e-05,276020.3913121964,POINT (106.30325814536342 -15.563909774436091)
60.150375939849624,106.2406015037594,-15.488721804511279,94257.85150167413,7717.290987692787,1.8714383545681473e-05,282722.41400326724,POINT (106.2406015037594 -15.488721804511279)
61.152882205513784,106.17794486215539,-15.413533834586467,93837.02547695846,7715.2156149316215,1.966423189940169e-05,289574.653854784,POINT (106.17794486215539 -15.413533834586467)
62.15538847117794,106.11528822055138,-15.338345864661655,93416.6049425899,7713.088776154807,2.066130413122889e-05,296579.89331833995,POINT (106.11528822055138 -15.338345864661655)
63.1578947368421,106.05263157894737,-15.263157894736842,92996.5964145121,7710.909226069601,2.1707880541067443e-05,303740.93989473634,POINT (106.05263157894737 -15.263157894736842)
64.16040100250626,105.98997493734336,-15.18796992481203,92577.00640228322,7708.6756908242305,2.2806347219662857e-05,311060.6249975114,POINT (105.98997493734336 -15.18796992481203)
65.16290726817043,105.92731829573935,-15.112781954887218,92157.84140897499,7706.386867433248,2.3959200693896803e-05,318541.8027284901,POINT (105.92731829573935 -15.112781954887218)
66.16541353383458,105.86466165413533,-15.037593984962406,91739.10793107189,7704.041423195517,2.5169052760701687e-05,326187.34856166074,POINT (105.86466165413533 -15.037593984962406)
67.16791979949875,105.80200501253132,-14.962406015037594,91320.81245837056,7701.637995105016,2.6438635516386115e-05,334000.1579316083,POINT (105.80200501253132 -14.962406015037594)
68.1704260651629,105.73934837092732,-14.887218045112782,90902.9614738791,7699.175189254585,2.7770806588358157e-05,341983.14472263696,POINT (105.73934837092732 -14.887218045112782)
69.17293233082707,105.67669172932331,-14.81203007518797,90485.56145371668,7696.651580232846,2.91685545764317e-05,350139.239654618,POINT (105.67669172932331 -14.81203007518797)
70.17543859649122,105.6140350877193,-14.736842105263158,90068.61886701315,7694.065710514463,3.063500471110578e-05,358471.3885615232,POINT (105.6140350877193 -14.736842105263158)
71.17794486215539,105.5513784461153,-14.661654135338345,89652.14017580873,7691.416089844003,3.2173424736409304e-05,366982.55055850185,POINT (105.5513784461153 -14.661654135338345)
72.18045112781954,105.48872180451127,-14.586466165413533,89236.13183495395,7688.701194613626,3.378723102511305e-05,375675.6960932889,POINT (105.48872180451127 -14.586466165413533)
73.1829573934837,105.42606516290726,-14.511278195488721,88820.60029200946,7685.919467234893,3.5479994934320495e-05,384553.80487764376,POINT (105.42606516290726 -14.511278195488721)
74.18546365914787,105.36340852130326,-14.436090225563909,88405.55198714629,7683.069315504985,3.72554494096596e-05,393619.86369443533,POINT (105.36340852130326 -14.436090225563909)
75.18796992481202,105.30075187969925,-14.360902255639097,87990.99335304591,7680.149111967658,3.911749584651626e-05,402876.86407593597,POINT (105.30075187969925 -14.360902255639097)
76.19047619047619,105.23809523809524,-14.285714285714286,87576.93081480055,7677.157193269304,4.1070211216961e-05,412327.7998487912,POINT (105.23809523809524 -14.285714285714286)
77.19298245614034,105.17543859649123,-14.210526315789474,87163.3707898136,7674.09185951047,4.311785547124342e-05,421975.6645410905,POINT (105.17543859649123 -14.210526315789474)
78.19548872180451,105.11278195488723,-14.135338345864662,86750.31968770028,7670.951373593287,4.526487922294317e-05,431823.448646886,POINT (105.11278195488723 -14.135338345864662)
79.19799498746866,105.0501253132832,-14.06015037593985,86337.78391018807,7667.733960565217,4.751593172709335e-05,441874.1367434843,POINT (105.0501253132832 -14.06015037593985)
80.20050125313283,104.9874686716792,-13.984962406015038,85925.76985101774,7664.437806959626,4.9875869160804445e-05,452130.70445674774,POINT (104.9874686716792 -13.984962406015038)
81.203007518797,104.92481203007519,-13.909774436090226,85514.28389584407,7661.061060133685,5.234976321614877e-05,462596.1152696593,POINT (104.92481203007519 -13.909774436090226)
82.20551378446115,104.86215538847118,-13.834586466165414,85103.33242213698,7657.601827604142,5.494291001527699e-05,473273.3171693211,POINT (104.86215538847118 -13.834586466165414)
83.20802005012531,104.79949874686717,-13.759398496240602,84692.92179908266,7654.058176381572,5.766083935796969e-05,484165.23912758846,POINT (104.79949874686717 -13.759398496240602)
84.21052631578947,104.73684210526316,-13.68421052631579,84283.05838748482,7650.428132303713,6.050932431204068e-05,495274.78741050104,POINT (104.73684210526316 -13.68421052631579)
85.21303258145363,104.67418546365914,-13.609022556390979,83873.74853966618,7646.70967936858,6.349439115723408e-05,506604.8417116943,POINT (104.67418546365914 -13.609022556390979)
86.21553884711778,104.61152882205513,-13.533834586466167,83464.99859936992,7642.900759068044,6.662232969347154e-05,518158.251104975,POINT (104.61152882205513 -13.533834586466167)
87.21804511278195,104.54887218045113,-13.458646616541355,83056.81490166154,7638.999269722668,6.989970392452814e-05,529937.8298112991,POINT (104.54887218045113 -13.458646616541355)
88.22055137844612,104.48621553884712,-13.383458646616543,82649.20377283038,7635.003065818574,7.333336312842833e-05,541946.3527754183,POINT (104.48621553884712 -13.383458646616543)
89.22305764411027,104.42355889724311,-13.30827067669173,82242.1715302919,7630.909957347218,7.693045332605998e-05,554186.5510475126,POINT (104.42355889724311 -13.30827067669173)
90.22556390977444,104.3609022556391,-13.233082706766918,81835.72448248955,7626.717709148963,8.069842915972515e-05,566661.1069652406,POINT (104.3609022556391 -13.233082706766918)
91.22807017543859,104.29824561403508,-13.157894736842106,81429.86892879702,7622.424040261433,8.464506619353992e-05,579372.6491317037,POINT (104.29824561403508 -13.157894736842106)
92.23057644110276,104.23558897243107,-13.082706766917294,81024.61115942075,7618.0266232736285,8.877847364779905e-05,592323.7471849376,POINT (104.23558897243107 -13.082706766917294)
93.23308270676691,104.17293233082707,-13.007518796992482,80619.95745530222,7613.523083686905,9.310710757962471e-05,605516.9063547227,POINT (104.17293233082707 -13.007518796992482)
94.23558897243107,104.11027568922306,-12.93233082706767,80215.91408802083,7608.910999283928,9.763978452239199e-05,618954.5618026005,POINT (104.11027568922306 -12.93233082706767)
95.23809523809523,104.04761904761905,-12.857142857142858,79812.48731969655,7604.1878995068,0.00010238569559662392,632639.072741234,POINT (104.04761904761905 -12.857142857142858)
96.2406015037594,103.98496240601504,-12.781954887218046,79409.6834028929,7599.351264845619,0.00010735442110521515,646572.7163294178,POINT (103.98496240601504 -12.781954887218046)
97.24310776942356,103.92230576441102,-12.706766917293233,79007.50858052005,7594.398526238776,0.00011255594562601312,660757.6813393021,POINT (103.92230576441102 -12.706766917293233)
98.24561403508771,103.85964912280701,-12.631578947368421,78605.9690857381,7589.3270644864,0.00011800067361494487,675196.061592648,POINT (103.85964912280701 -12.631578947368421)
99.24812030075188,103.796992481203,-12.556390977443609,78205.07114186042,7584.134209678383,0.00012369944553303452,689889.8491632573,POINT (103.796992481203 -12.556390977443609)
100.25062656641603,103.734335839599,-12.481203007518797,77804.82096225719,7578.817240638542,0.00012966355451078334,704840.9273430144,POINT (103.734335839599 -12.481203007518797)
101.2531328320802,103.67167919799499,-12.406015037593985,77405.22475025916,7573.373384386495,0.00013590476356352735,720051.0633693811,POINT (103.67167919799499 -12.406015037593985)
102.25563909774435,103.60902255639098,-12.330827067669173,77006.2886990615,7567.7998156189515,0.00014243532337149004,735521.9009125545,POINT (103.60902255639098 -12.330827067669173)
103.25814536340852,103.54636591478697,-12.25563909774436,76608.01899162773,7562.093656212169,0.00014926799063836666,751254.9523209734,POINT (103.54636591478697 -12.25563909774436)
104.26065162907267,103.48370927318295,-12.180451127819548,76210.421800594,7556.251974747404,0.00015641604704234941,767251.5906243041,POINT (103.48370927318295 -12.180451127819548)
105.26315789473684,103.42105263157895,-12.105263157894736,75813.50328817336,7550.271786061303,0.00016389331879359062,783513.0412935881,POINT (103.42105263157895 -12.105263157894736)
106.265664160401,103.35839598997494,-12.030075187969924,75417.26960606026,7544.1500508232075,0.00017171419681215252,800040.3737587902,POINT (103.35839598997494 -12.030075187969924)
107.26817042606515,103.29573934837093,-11.954887218045114,75021.72689533525,7537.883675141495,0.0001798936575405336,816834.4926845938,POINT (103.29573934837093 -11.954887218045114)
108.27067669172932,103.23308270676692,-11.879699248120302,74626.8812863697,7531.46951020111,0.00018844728440488916,833896.1290059726,POINT (103.23308270676692 -11.879699248120302)
109.27318295739347,103.17042606516291,-11.80451127819549,74232.7388987309,7524.9043519345805,0.0001973912899390562,851225.8307257474,POINT (103.17042606516291 -11.80451127819549)
110.27568922305764,103.10776942355889,-11.729323308270677,73839.30584108722,7518.184940728852,0.00020674253858548518,868823.953477125,POINT (103.10776942355889 -11.729323308270677)
111.27819548872179,103.04511278195488,-11.654135338345865,73446.58821111327,7511.30796117042,0.00021651857018714364,886690.6508550498,POINT (103.04511278195488 -11.654135338345865)
112.28070175438596,102.98245614035088,-11.578947368421053,73054.59209539561,7504.270041831293,0.00022673762418437188,904825.8645210022,POINT (102.98245614035088 -11.578947368421053)
113.28320802005013,102.91979949874687,-11.503759398496241,72663.32356933824,7497.067755098437,0.00023741866453061734,923229.3140869043,POINT (102.91979949874687 -11.503759398496241)
114.28571428571428,102.85714285714286,-11.428571428571429,72272.78869706861,7489.6976170494345,0.0002485814053408251,941900.4867846966,POINT (102.85714285714286 -11.428571428571429)
115.28822055137844,102.79448621553885,-11.353383458646617,71882.99353134344,7482.1560873772105,0.000260246337286153,960838.6269292684,POINT (102.79448621553885 -11.353383458646617)
116.2907268170426,102.73182957393483,-11.278195488721805,71493.94411345504,7474.439569366744,0.0002724347547484829,980042.7251834761,POINT (102.73182957393483 -11.278195488721805)
117.29323308270676,102.66917293233082,-11.203007518796992,71105.64647313769,7466.544409926815,0.0002851687837480117,999511.5076351992,POINT (102.66917293233082 -11.203007518796992)
118.29573934837092,102.60651629072682,-11.12781954887218,70718.10662847408,7458.46689967991,0.00029847141065698186,1019243.4246976172,POINT (102.60651629072682 -11.12781954887218)
119.29824561403508,102.54385964912281,-11.052631578947368,70331.33058580218,7450.203273113519,0.00031236651171232644,1039236.6398451768,POINT (102.54385964912281 -11.052631578947368)
120.30075187969925,102.4812030075188,-10.977443609022558,69945.32433962198,7441.749708796165,0.0003268788833397201,1059489.018199109,POINT (102.4812030075188 -10.977443609022558)
121.3032581453634,102.41854636591479,-10.902255639097746,69560.09387250275,7433.102329661571,0.0003420342733011748,1079998.1149777614,POINT (102.41854636591479 -10.902255639097746)
122.30576441102757,102.35588972431077,-10.827067669172934,69175.64515499023,7424.257203364517,0.0003578594126779719,1100761.163828575,POINT (102.35588972431077 -10.827067669172934)
123.30827067669172,102.29323308270676,-10.751879699248121,68791.98414551406,7415.210342711971,0.000374382048700266,1121775.0650600116,POINT (102.29323308270676 -10.751879699248121)
124.31077694235589,102.23057644110276,-10.67669172932331,68409.11679029556,7405.957706173236,0.0003916309784342789,1143036.3737934523,POINT (102.23057644110276 -10.67669172932331)
125.31328320802004,102.16791979949875,-10.601503759398497,68027.04902325544,7396.495198472898,0.00040963608333749083,1164541.2880567566,POINT (102.16791979949875 -10.601503759398497)
126.3157894736842,102.10526315789474,-10.526315789473685,67645.78676592192,7386.818671270454,0.0004284283646916674,1186285.6368428885,POINT (102.10526315789474 -10.526315789473685)
127.31829573934836,102.04260651629073,-10.451127819548873,67265.33592733886,7376.923923930621,0.0004480399799230252,1208264.868158932,POINT (102.04260651629073 -10.451127819548873)
128.32080200501252,101.97994987468672,-10.37593984962406,66885.70240397434,7366.806704388344,0.00046850427981813157,1230474.0370925828,POINT (101.97994987468672 -10.37593984962406)
129.32330827067668,101.9172932330827,-10.300751879699249,66506.89207962906,7356.462710112658,0.0004898558466435196,1252907.793925249,POINT (101.9172932330827 -10.300751879699249)
130.32581453634086,101.8546365914787,-10.225563909774436,66128.91082534532,7345.887589173583,0.0005121305331761894,1275560.372322781,POINT (101.8546365914787 -10.225563909774436)
131.328320802005,101.79197994987469,-10.150375939849624,65751.76449931599,7335.0769414163315,0.0005353655026514229,1298425.577636954,POINT (101.79197994987469 -10.150375939849624)
132.33082706766916,101.72932330827068,-10.075187969924812,65375.458946793624,7324.026319747123,0.0005595992696334871,1321496.7753528864,POINT (101.72932330827068 -10.075187969924812)
133.33333333333331,101.66666666666667,-10.0,65000.00000000002,7312.73123153502,0.0005848717418138442,1344766.8797196466,POINT (101.66666666666667 -10)
134.3358395989975,101.60401002506265,-9.924812030075188,64625.39347803564,7301.1871401341405,0.0006112242627406111,1368228.3426035214,POINT (101.60401002506265 -9.924812030075188)
135.33834586466165,101.54135338345864,-9.849624060150376,64251.64518678962,7289.389466530758,0.0006386996554818913,1391873.1426055147,POINT (101.54135338345864 -9.849624060150376)
136.3408521303258,101.47869674185463,-9.774436090225564,63878.76091884966,7277.333591119708,0.0006673422672245943,1415692.7744868663,POINT (101.47869674185463 -9.774436090225564)
137.34335839598998,101.41604010025063,-9.699248120300753,63506.74645341225,7265.014855614621,0.0006971980148091697,1439678.238948577,POINT (101.41604010025063 -9.699248120300753)
138.34586466165413,101.35338345864662,-9.624060150375941,63135.6075561932,7252.4285650964575,0.0007283144311994468,1463820.0328130515,POINT (101.35338345864662 -9.624060150375941)
139.34837092731829,101.29072681704261,-9.548872180451129,62765.34997933812,7239.569990204819,0.000760740712885566,1488108.1396582385,POINT (101.29072681704261 -9.548872180451129)
140.35087719298244,101.2280701754386,-9.473684210526317,62395.97946133344,7226.43436947651,0.0007945277682165213,1512532.020956668,POINT (101.2280701754386 -9.473684210526317)
141.35338345864662,101.16541353383458,-9.398496240601505,62027.50172691735,7213.016911835737,0.0008297282666575376,1537080.6077740178,POINT (101.16541353383458 -9.398496240601505)
142.35588972431077,101.10275689223057,-9.323308270676693,61659.92248699109,7199.312799240344,0.0008663966889659173,1561742.2930837956,POINT (101.10275689223057 -9.323308270676693)
143.35839598997492,101.04010025062657,-9.24812030075188,61293.247438530525,7185.317189488347,0.0009045893782774539,1586504.9247567162,POINT (101.04010025062657 -9.24812030075188)
144.36090225563908,100.97744360902256,-9.172932330827068,60927.48226449776,7171.025219189004,0.0009443645920939121,1611355.7992853366,POINT (100.97744360902256 -9.172932330827068)
145.36340852130326,100.91478696741855,-9.097744360902256,60562.63263375305,7156.4320069025,0.0009857825551602894,1636281.6563061748,POINT (100.91478696741855 -9.097744360902256)
146.3659147869674,100.85213032581454,-9.022556390977444,60198.70420096703,7141.532656452239,0.0010289055132188057,1661268.6739833043,POINT (100.85213032581454 -9.022556390977444)
147.36842105263156,100.78947368421052,-8.947368421052632,59835.70260653305,7126.322260413572,0.0010737977876247458,1686302.465318945,POINT (100.78947368421052 -8.947368421052632)
148.37092731829574,100.72681704260651,-8.87218045112782,59473.63347647966,7110.795903782606,0.0011205258308072427,1711368.0754578952,POINT (100.72681704260651 -8.87218045112782)
149.3734335839599,100.6641604010025,-8.796992481203008,59112.50242238351,7094.948667828606,0.0011691582825561224,1736449.9800539066,POINT (100.6641604010025 -8.796992481203008)
150.37593984962405,100.6015037593985,-8.721804511278195,58752.3150412824,7078.7756341331915,0.001219766027113775,1761532.084767023,POINT (100.6015037593985 -8.721804511278195)
151.3784461152882,100.53884711779449,-8.646616541353383,58393.076915588455,7062.271888819401,0.0012724222510488974,1786597.7259617834,POINT (100.53884711779449 -8.646616541353383)
152.38095238095238,100.47619047619048,-8.571428571428573,58034.79361300159,7045.432526973321,0.0013272025018865635,1811629.672676549,POINT (100.47619047619048 -8.571428571428573)
153.38345864661653,100.41353383458647,-8.49624060150376,57677.470686423345,7028.252657260777,0.0013841847474668,1836610.1299345926,POINT (100.41353383458647 -8.49624060150376)
154.38596491228068,100.35087719298245,-8.421052631578949,57321.11367387073,7010.727406741188,0.0014434494360014104,1861520.743467463,POINT (100.35087719298245 -8.421052631578949)
155.38847117794487,100.28822055137844,-8.345864661654137,56965.72809839036,6992.85192588038,0.001505079556796198,1886342.6059207495,POINT (100.28822055137844 -8.345864661654137)
156.39097744360902,100.22556390977444,-8.270676691729324,56611.31946797297,6974.621393763749,0.0015691607016031718,1911056.2646116628,POINT (100.22556390977444 -8.270676691729324)
157.39348370927317,100.16290726817043,-8.195488721804512,56257.89327546791,6956.031023510764,0.0016357811265646424,1935641.730906719,POINT (100.16290726817043 -8.195488721804512)
158.39598997493732,100.10025062656642,-8.1203007518797,55905.454998498164,6937.07606789133,0.0017050318147082736,1960078.491286297,POINT (100.10025062656642 -8.1203007518797)
159.3984962406015,100.0375939849624,-8.045112781954888,55554.01009937528,6917.75182514411,0.0017770065389493943,1984345.5201609205,POINT (100.0375939849624 -8.045112781954888)
160.40100250626566,99.97493734335839,-7.969924812030076,55203.56402501491,6898.0536449963065,0.0018518019255537826,2008421.2945016646,POINT (99.97493734335839 -7.969924812030076)
161.4035087719298,99.91228070175438,-7.894736842105264,54854.1222068522,6877.976934883948,0.0019295175180113334,2032283.8103443051,POINT (99.91228070175438 -7.894736842105264)
162.406015037594,99.84962406015038,-7.819548872180452,54505.69006075775,6857.517166371095,0.0020102558412676504,2055910.6012233568,POINT (99.84962406015038 -7.819548872180452)
163.40852130325814,99.78696741854637,-7.7443609022556394,54158.27298695364,6836.669881765776,0.002094122466257644,2079278.7585883169,POINT (99.78696741854637 -7.7443609022556394)
164.4110275689223,99.72431077694236,-7.669172932330827,53811.876369929625,6815.430700929834,0.0021812260746818767,2102364.9542500083,POINT (99.72431077694236 -7.669172932330827)
165.41353383458645,99.66165413533835,-7.593984962406015,53466.505578359895,6793.795328279177,0.002271678523962937,2125145.464899824,POINT (99.66165413533835 -7.593984962406015)
166.41604010025063,99.59899749373433,-7.518796992481203,53122.16596501962,6771.759559970207,0.0023655949123160365,2147596.198739283,POINT (99.59899749373433 -7.518796992481203)
167.41854636591478,99.53634085213032,-7.443609022556391,52778.86286670223,6749.319291267477,0.0024630936438640966,2169692.7242509457,POINT (99.53634085213032 -7.443609022556391)
168.42105263157893,99.47368421052632,-7.368421052631579,52436.60160413654,6726.470524086803,0.002564296493724493,2191410.3011351624,POINT (99.47368421052632 -7.368421052631579)
169.4235588972431,99.41102756892231,-7.293233082706768,52095.38748190433,6703.2093747073395,0.0026693286729906752,2212723.913429684,POINT (99.41102756892231 -7.293233082706768)
170.42606516290726,99.3483709273183,-7.218045112781956,51755.22578835815,6679.5320816451795,0.0027783188935283625,2233608.3048212198,POINT (99.3483709273183 -7.218045112781956)
171.42857142857142,99.28571428571429,-7.142857142857144,51416.12179553932,6655.435013680268,0.0028913994325022447,2254038.016149488,POINT (99.28571428571429 -7.142857142857144)
172.43107769423557,99.22305764411027,-7.067669172932332,51078.080759096265,6630.914678027482,0.003008706196545305,2273987.4250951395,POINT (99.22305764411027 -7.067669172932332)
173.43358395989975,99.16040100250626,-6.99248120300752,50741.107918203066,6605.967728641825,0.00313037878547903,2293430.788033185,POINT (99.16040100250626 -6.99248120300752)
174.4360902255639,99.09774436090225,-6.917293233082708,50405.20849547816,6580.590974646747,0.0032565605554889855,2312342.284023303,POINT (99.09774436090225 -6.917293233082708)
175.43859649122805,99.03508771929825,-6.842105263157896,50070.38769690352,6554.781388873667,0.0033873986816560587,2330696.060897465,POINT (99.03508771929825 -6.842105263157896)
176.44110275689223,98.97243107769424,-6.766917293233083,49736.65071174392,6528.536116499772,0.003523044219739951,2348466.283394049,POINT (98.97243107769424 -6.766917293233083)
177.4436090225564,98.90977443609023,-6.691729323308271,49404.002712466536,6501.852483770221,0.0036636521671073656,2365627.1832757457,POINT (98.90977443609023 -6.691729323308271)
178.44611528822054,98.84711779448622,-6.616541353383459,49072.448854660644,6474.728006789854,0.0038093815226933688,2382153.1113562626,POINT (98.84711779448622 -6.616541353383459)
179.4486215538847,98.7844611528822,-6.541353383458647,48741.994276957936,6447.160400368566,0.0039603953458800635,2398018.5913481433,POINT (98.7844611528822 -6.541353383458647)
180.45112781954887,98.7218045112782,-6.466165413533835,48412.644100952704,6419.1475869034475,0.004116860814173263,2413198.3754311725,POINT (98.7218045112782 -6.466165413533835)
181.45363408521303,98.65914786967419,-6.390977443609023,48084.403431122555,6390.687705279863,0.0042789492795530255,2427667.501427382,POINT (98.65914786967419 -6.390977443609023)
182.45614035087718,98.59649122807018,-6.315789473684211,47757.277354749225,6361.779119772608,0.004446836323370412,2441401.351455357,POINT (98.59649122807018 -6.315789473684211)
183.45864661654133,98.53383458646617,-6.2406015037593985,47431.27094183983,6332.420428927378,0.004620701809658392,2454375.7119228872,POINT (98.53383458646617 -6.2406015037593985)
184.4611528822055,98.47117794486215,-6.165413533834588,47106.389245048165,6302.610474401768,0.00480072993672106,2466566.834703478,POINT (98.47117794486215 -6.165413533834588)
185.46365914786966,98.40852130325814,-6.090225563909776,46782.63729959655,6272.348349744176,0.004987109286860865,2477951.499328525,POINT (98.40852130325814 -6.090225563909776)
186.46616541353382,98.34586466165413,-6.015037593984964,46460.020123197624,6241.63340908804,0.005180032874100165,2488507.0760137583,POINT (98.34586466165413 -6.015037593984964)
187.468671679198,98.28320802005013,-5.939849624060152,46138.5427159767,6210.4652757380345,0.00537969818974872,2498211.589325184,POINT (98.28320802005013 -5.939849624060152)
188.47117794486215,98.22055137844612,-5.86466165413534,45818.21006039421,6178.843850624022,0.005586307245665473,2507043.7822771403,POINT (98.22055137844612 -5.86466165413534)
189.4736842105263,98.15789473684211,-5.789473684210527,45499.02712116849,6146.769320597807,0.005800066615058657,2514983.1806426323,POINT (98.15789473684211 -5.789473684210527)
190.47619047619045,98.0952380952381,-5.714285714285715,45180.99884519889,6114.242166547096,0.006021187470664666,2522010.157244483,POINT (98.0952380952381 -5.714285714285715)
191.47869674185463,98.03258145363408,-5.639097744360903,44864.13016148897,6081.263171300365,0.006249885620142537,2528105.9959847773,POINT (98.03258145363408 -5.639097744360903)
192.4812030075188,97.96992481203007,-5.563909774436091,44548.42598107031,6047.833427295851,0.006486381538516703,2533252.9553598342,POINT (97.96992481203007 -5.563909774436091)
193.48370927318294,97.90726817042606,-5.488721804511279,44233.8911969262,6013.95434398738,0.006730900397498181,2537434.331198912,POINT (97.90726817042606 -5.488721804511279)
194.48621553884712,97.84461152882206,-5.413533834586467,43920.53068391587,5979.627654959375,0.006983672091509689,2540634.518356462,POINT (97.84461152882206 -5.413533834586467)
195.48872180451127,97.78195488721805,-5.338345864661655,43608.34929869906,5944.8554247230695,0.007244931260237864,2542839.0710809706,POINT (97.78195488721805 -5.338345864661655)
196.49122807017542,97.71929824561404,-5.2631578947368425,43297.351879660506,5909.640055165795,0.007514917307532369,2544034.7617778447,POINT (97.71929824561404 -5.2631578947368425)
197.49373433583958,97.65664160401002,-5.18796992481203,42987.543246835194,5873.984291625116,0.0077938744164680555,2544209.637879429,POINT (97.65664160401002 -5.18796992481203)
198.49624060150376,97.59398496240601,-5.112781954887218,42678.92820183348,5837.891228559576,0.00808205156038467,2543353.0765328566,POINT (97.59398496240601 -5.112781954887218)
199.4987468671679,97.531328320802,-5.037593984962406,42371.511527766765,5801.364314788042,0.008379702509714626,2541455.836815279,POINT (97.531328320802 -5.037593984962406)
200.50125313283206,97.468671679198,-4.962406015037594,42065.29798917334,5764.4073582698065,0.008687085834407868,2538510.1091868603,POINT (97.468671679198 -4.962406015037594)
201.50375939849624,97.40601503759399,-4.887218045112784,41760.29233194454,5727.024530398112,0.009004464901760061,2534509.5618945835,POINT (97.40601503759399 -4.887218045112784)
202.5062656641604,97.34335839598998,-4.812030075187971,41456.49928325122,5689.220369780187,0.009332107869448299,2529449.3840442803,POINT (97.34335839598998 -4.812030075187971)
203.50877192982455,97.28070175438597,-4.736842105263159,41153.92355147036,5650.999785477647,0.00967028767357704,2523326.3250649595,POINT (97.28070175438597 -4.736842105263159)
204.5112781954887,97.21804511278195,-4.661654135338347,40852.56982611232,5612.368059681829,0.010019282011534392,2516138.7302977396,POINT (97.21804511278195 -4.661654135338347)
205.51378446115288,97.15538847117794,-4.586466165413535,40552.44277774794,5573.330849799692,0.010379373319459177,2507886.572452569,POINT (97.15538847117794 -4.586466165413535)
206.51629072681703,97.09273182957394,-4.511278195488723,40253.54705793632,5533.894189926854,0.010750848744116089,2498571.4786880654,POINT (97.09273182957394 -4.511278195488723)
207.51879699248119,97.03007518796993,-4.436090225563911,39955.88729915253,5494.064491685728,0.011134000108977393,2488196.7530848403,POINT (97.03007518796993 -4.436090225563911)
208.52130325814534,96.96741854636592,-4.360902255639099,39659.468114716045,5453.848544407994,0.011529123874307158,2476767.394298957,POINT (96.96741854636592 -4.360902255639099)
209.52380952380952,96.9047619047619,-4.2857142857142865,39364.294098719096,5413.253514642212,0.011936521091045918,2464290.108201153,POINT (96.9047619047619 -4.2857142857142865)
210.52631578947367,96.84210526315789,-4.210526315789474,39070.369825955524,5372.286944969014,0.012356497348291749,2450773.315327642,POINT (96.84210526315789 -4.210526315789474)
211.52882205513782,96.77944862155388,-4.135338345864662,38777.69985184983,5330.9567521081135,0.012789362714175787,2436227.1529909335,POINT (96.77944862155388 -4.135338345864662)
212.531328320802,96.71679197994987,-4.06015037593985,38486.28871238655,5289.271224303344,0.013235431669929949,2420663.471923113,POINT (96.71679197994987 -4.06015037593985)
213.53383458646616,96.65413533834587,-3.9849624060150397,38196.14092404014,5247.239017973911,0.013695023036946068,2404095.8273496237,POINT (96.65413533834587 -3.9849624060150397)
214.5363408521303,96.59147869674186,-3.9097744360902276,37907.26098370472,5204.869153622281,0.014168459896628275,2386539.464418932,POINT (96.59147869674186 -3.9097744360902276)
215.53884711779446,96.52882205513785,-3.8345864661654154,37619.65336862458,5162.171010991371,0.014656069502840069,2368011.297941583,POINT (96.52882205513785 -3.8345864661654154)
216.54135338345864,96.46616541353383,-3.7593984962406033,37333.32253632462,5119.1543234661385,0.015158183186752754,2348529.8864220004,POINT (96.46616541353383 -3.7593984962406033)
217.5438596491228,96.40350877192982,-3.684210526315791,37048.27292454142,5075.829171717103,0.015675136253901777,2328115.4003964406,POINT (96.40350877192982 -3.684210526315791)
218.54636591478695,96.34085213032581,-3.609022556390979,36764.50895115438,5032.205976585904,0.01620726787326351,2306789.5851219026,POINT (96.34085213032581 -3.609022556390979)
219.54887218045113,96.2781954887218,-3.533834586466167,36482.03501411724,4988.295491215681,0.016754920958166372,2284575.7176921456,POINT (96.2781954887218 -3.533834586466167)
220.55137844611528,96.2155388471178,-3.4586466165413547,36200.85549139,4944.108792431676,0.017318442038855682,2261498.5586887314,POINT (96.2155388471178 -3.4586466165413547)
221.55388471177943,96.15288220551379,-3.3834586466165426,35920.97474087091,4899.6572713802525,0.017898181126536013,2237584.298506761,POINT (96.15288220551379 -3.3834586466165426)
222.55639097744358,96.09022556390977,-3.3082706766917305,35642.39710032909,4854.952623437278,0.018494491568718845,2212860.4985262547,POINT (96.09022556390977 -3.3082706766917305)
223.55889724310777,96.02756892230576,-3.2330827067669183,35365.12688733723,4810.006837399605,0.019107729895710825,2187356.027331083,POINT (96.02756892230576 -3.2330827067669183)
224.56140350877192,95.96491228070175,-3.157894736842106,35089.16839920472,4764.832183976128,0.01973825565808186,2161100.9922071253,POINT (95.96491228070175 -3.157894736842106)
225.56390977443607,95.90225563909775,-3.082706766917294,34814.525912910874,4719.441203597735,0.02038643125496109,2134126.6661804663,POINT (95.90225563909775 -3.082706766917294)
226.56641604010025,95.83959899749374,-3.007518796992482,34541.20368503893,4673.846693568141,0.021052621753012833,2106465.4108837135,POINT (95.83959899749374 -3.007518796992482)
227.5689223057644,95.77694235588973,-2.93233082706767,34269.20595170984,4628.061694580345,0.02173719469595619,2078150.5955647028,POINT (95.77694235588973 -2.93233082706767)
228.57142857142856,95.71428571428572,-2.8571428571428577,33998.536928516725,4582.099476625997,0.022440519904496498,2049216.5125757165,POINT (95.71428571428572 -2.8571428571428577)
229.5739348370927,95.6516290726817,-2.7819548872180455,33729.200810459515,4535.973524327586,0.023162969266547602,2019698.2897035049,POINT (95.6516290726817 -2.7819548872180455)
230.5764411027569,95.58897243107769,-2.7067669172932334,33461.20177187989,4489.697521725782,0.023904916517632727,1989631.7997201446,POINT (95.58897243107769 -2.7067669172932334)
231.57894736842104,95.52631578947368,-2.6315789473684212,33194.54396639671,4443.285336556582,0.024666737011360858,1959053.5675519458,POINT (95.52631578947368 -2.6315789473684212)
232.5814536340852,95.46365914786968,-2.556390977443609,32929.23152684148,4396.751004055157,0.02544880747988763,1928000.6754784607,POINT (95.46365914786968 -2.556390977443609)
233.58395989974937,95.40100250626567,-2.481203007518797,32665.26856519442,4350.108710325341,0.0262515057842779,1896510.6667853058,POINT (95.40100250626567 -2.481203007518797)
234.58646616541353,95.33834586466165,-2.406015037593985,32402.659172520653,4303.372775315651,0.02707521065470169,1864621.4483037654,POINT (95.33834586466165 -2.406015037593985)
235.58897243107768,95.27568922305764,-2.3308270676691727,32141.40741890685,4256.5576354444365,0.027920301420404827,1832371.192275945,POINT (95.27568922305764 -2.3308270676691727)
236.59147869674183,95.21303258145363,-2.2556390977443606,31881.5173533981,4209.677825918363,0.028787157729409683,1799798.237987379,POINT (95.21303258145363 -2.2556390977443606)
237.593984962406,95.15037593984962,-2.1804511278195484,31622.993003935262,4162.747962789817,0.029676159257913396,1766940.9936088717,POINT (95.15037593984962 -2.1804511278195484)
238.59649122807016,95.08771929824562,-2.1052631578947363,31365.838377292413,4115.782724799936,0.030587685409366554,1733837.838686174,POINT (95.08771929824562 -2.1052631578947363)
239.59899749373432,95.02506265664161,-2.030075187969924,31110.057459014773,4068.7968350550277,0.03152211500322699,1700527.0277099793,POINT (95.02506265664161 -2.030075187969924)
240.6015037593985,94.9624060150376,-1.9548872180451156,30855.654213357004,4021.8050425848674,0.032479825953399974,1667046.5951895234,POINT (94.9624060150376 -1.9548872180451156)
241.60401002506265,94.89974937343358,-1.8796992481203034,30602.632583221697,3974.8221038318675,0.033461194936391415,1633434.2626410627,POINT (94.89974937343358 -1.8796992481203034)
242.6065162907268,94.83709273182957,-1.8045112781954913,30350.996490098347,3927.862764120478,0.03446659704921526,1599727.3478876508,POINT (94.83709273182957 -1.8045112781954913)
243.60902255639095,94.77443609022556,-1.7293233082706791,30100.749834002432,3880.941739156231,0.03549640545711469,1565962.6770492585,POINT (94.77443609022556 -1.7293233082706791)
244.61152882205513,94.71177944862156,-1.654135338345867,29851.8964934151,3834.0736966037603,0.03655099103117054,1532176.4995823582,POINT (94.71177944862156 -1.654135338345867)
245.6140350877193,94.64912280701755,-1.5789473684210549,29604.440325223026,3787.273237792684,0.03763072197589147,1498404.4067059604,POINT (94.64912280701755 -1.5789473684210549)
246.61654135338344,94.58646616541354,-1.5037593984962427,29358.385164658626,3740.554879599732,0.038735963446895366,1464681.2535269044,POINT (94.58646616541354 -1.5037593984962427)
247.6190476190476,94.52380952380952,-1.4285714285714306,29113.73482524058,3693.933036554641,0.03986707715881126,1431041.085151171,POINT (94.52380952380952 -1.4285714285714306)
248.62155388471177,94.46115288220551,-1.3533834586466185,28870.493098714753,3647.422003216375,0.041024420983548936,1397517.0670404404,POINT (94.46115288220551 -1.3533834586466185)
249.62406015037593,94.3984962406015,-1.2781954887218063,28628.663754995476,3601.0359368649706,0.04220834853910311,1364141.4198441992,POINT (94.3984962406015 -1.2781954887218063)
250.62656641604008,94.3358395989975,-1.2030075187969942,28388.250542107067,3554.7888405528756,0.04341920876907889,1330945.3589077312,POINT (94.3358395989975 -1.2030075187969942)
251.62907268170426,94.27318295739349,-1.127819548872182,28149.25718612573,3508.694546558121,0.044657345513144764,1297959.0386256939,POINT (94.27318295739349 -1.127819548872182)
252.6315789473684,94.21052631578948,-1.05263157894737,27911.687391121857,3462.7667002797625,0.045923097068639,1265211.5017796059,POINT (94.21052631578948 -1.05263157894737)
253.63408521303256,94.14786967418547,-0.9774436090225578,27675.544839102557,3417.0187446141827,0.04721679574357772,1232730.6339662573,POINT (94.14786967418547 -0.9774436090225578)
254.63659147869672,94.08521303258145,-0.9022556390977456,27440.83318995466,3371.4639048487024,0.04853876740133207,1200543.1231925352,POINT (94.08521303258145 -0.9022556390977456)
255.6390977443609,94.02255639097744,-0.8270676691729335,27207.5560813879,3326.1151741067015,0.04988933099726477,1168674.4246810647,POINT (94.02255639097744 -0.8270676691729335)
256.64160401002505,93.95989974937343,-0.7518796992481214,26975.717128878678,3280.985299376098,0.05126879810763499,1137148.7309004222,POINT (93.95989974937343 -0.7518796992481214)
257.64411027568923,93.89724310776943,-0.6766917293233092,26745.31992561386,3236.086768150556,0.052677472451107266,1105988.9468039637,POINT (93.89724310776943 -0.6766917293233092)
258.64661654135335,93.83458646616542,-0.6015037593984971,26516.36804243522,3191.431795710273,0.054115649403214824,1075216.6702324308,POINT (93.83458646616542 -0.6015037593984971)
259.64912280701753,93.7719298245614,-0.526315789473685,26288.86502778402,3147.032313066459,0.055583615504157,1044852.1774079376,POINT (93.7719298245614 -0.526315789473685)
260.6516290726817,93.70927318295739,-0.4511278195488728,26062.81440764606,3102.8999555910495,0.05708164796032668,1014914.4134207917,POINT (93.70927318295739 -0.4511278195488728)
261.65413533834584,93.64661654135338,-0.3759398496240607,25838.219685496995,3059.046052350315,0.058610014139989425,985420.9875859064,POINT (93.64661654135338 -0.3759398496240607)
262.65664160401,93.58395989974937,-0.30075187969924855,25615.08434224804,3015.481616158356,0.060168971063556405,956388.1735227286,POINT (93.58395989974937 -0.3007518796992486)
263.65914786967414,93.52130325814537,-0.2255639097744364,25393.411836192085,2972.217334363675,0.0617587648889148,927830.9137915323,POINT (93.52130325814537 -0.2255639097744364)
264.6616541353383,93.45864661654136,-0.15037593984962427,25173.205602949965,2929.263560379154,0.06337963039230482,899762.8288997323,POINT (93.45864661654136 -0.1503759398496243)
265.6641604010025,93.39598997493735,-0.07518796992481214,24954.46905541733,2886.63030596312,0.0650317904452482,872196.2304748456,POINT (93.39598997493735 -0.0751879699248121)
266.66666666666663,93.33333333333334,0.0,24737.205583711766,2844.3272342563732,0.06671545548806103,845142.1383856381,POINT (93.33333333333334 0)
267.6691729323308,93.27067669172932,0.07518796992481214,24521.41855512008,2802.3636535773785,0.06843082300050327,818610.3015800711,POINT (93.27067669172932 0.0751879699248121)
268.671679197995,93.20802005012531,0.15037593984962427,24307.111314046313,2760.7485119752655,0.07017807697013395,792609.2223978575,POINT (93.20802005012531 0.1503759398496243)
269.6741854636591,93.1453634085213,0.2255639097744364,24094.287181959793,2719.4903925376293,0.07195738735897113,767146.1841067099,POINT (93.1453634085213 0.2255639097744364)
270.6766917293233,93.0827067669173,0.30075187969924855,23882.949457343697,2678.5975094477435,0.07376890956906738,742227.281404738,POINT (93.0827067669173 0.3007518796992486)
271.6791979949875,93.02005012531328,0.3759398496240607,23673.10141564392,2638.077704783419,0.07561278390763783,717857.4536268886,POINT (93.02005012531328 0.3759398496240607)
272.6817042606516,92.95739348370927,0.4511278195488728,23464.746309218302,2597.9384460474375,0.07748913505239403,694040.5203906412,POINT (92.95739348370927 0.4511278195488728)
273.6842105263158,92.89473684210526,0.5263157894736814,23257.887367286196,2558.1868244173693,0.07939807151775845,670779.21941546,POINT (92.89473684210526 0.5263157894736814)
274.68671679197996,92.83208020050125,0.6015037593984935,23052.527795878515,2518.829553700575,0.08133968512264982,648075.2462515818,POINT (92.83208020050125 0.6015037593984935)
275.6892230576441,92.76942355889724,0.6766917293233057,22848.67077778795,2479.872969978249,0.08331405046055386,625929.2956564405,POINT (92.76942355889724 0.6766917293233057)
276.69172932330827,92.70676691729324,0.7518796992481178,22646.319472519608,2441.3230319205913,0.08532122437260338,604341.1043613505,POINT (92.70676691729324 0.7518796992481178)
277.6942355889724,92.64411027568923,0.82706766917293,22445.477016242206,2403.18532175366,0.08736124542441244,583309.494976927,POINT (92.64411027568923 0.82706766917293)
278.69674185463657,92.58145363408522,0.9022556390977421,22246.146521739283,2365.4650468567706,0.089434133387429,562832.4207927255,POINT (92.58145363408522 0.9022556390977421)
279.69924812030075,92.5187969924812,0.9774436090225542,22048.33107836111,2328.167041968193,0.09153988872557513,542907.0112350136,POINT (92.5187969924812 0.9774436090225542)
280.7017543859649,92.45614035087719,1.0526315789473664,21852.03375197666,2291.2957719754904,0.09367849208797077,523529.6177558676,POINT (92.45614035087719 1.0526315789473664)
281.70426065162906,92.39348370927318,1.1278195488721785,21657.257584926236,2254.8553352658955,0.09584990380853745,504695.859937118,POINT (92.39348370927318 1.1278195488721785)
282.70676691729324,92.33082706766918,1.2030075187969906,21464.005595974188,2218.849467611174,0.0980540634133027,486400.67160376755,POINT (92.33082706766918 1.2030075187969906)
283.70927318295736,92.26817042606517,1.2781954887218028,21272.280780262256,2183.2815465606272,0.1002908891362253,468638.3467531923,POINT (92.26817042606517 1.2781954887218028)
284.71177944862154,92.20551378446115,1.353383458646615,21082.086109262993,2148.1545963152457,0.1025602774443839,451402.5851187244,POINT (92.20551378446115 1.353383458646615)
285.7142857142857,92.14285714285714,1.428571428571427,20893.4245307339,2113.4712930555743,0.10486210257336623,434686.53719886026,POINT (92.14285714285714 1.428571428571427)
286.71679197994985,92.08020050125313,1.5037593984962392,20706.298968671574,2079.233970695389,0.1071962160737193,418482.8485962373,POINT (92.08020050125313 1.5037593984962392)
287.719298245614,92.01754385964912,1.5789473684210513,20520.71232326649,2045.4446270331027,0.10956244636931362,402783.70352360565,POINT (92.01754385964912 1.5789473684210513)
288.72180451127815,91.95488721804512,1.6541353383458635,20336.66747085798,2012.1049302727215,0.11196059832848898,387580.8673471771,POINT (91.95488721804512 1.6541353383458635)
289.72431077694233,91.89223057644111,1.7293233082706756,20154.167263889714,1979.216225886039,0.11439045284884758,372865.72805071156,POINT (91.89223057644111 1.7293233082706756)
290.7268170426065,91.8295739348371,1.8045112781954877,19973.214530865487,1946.7795437880623,0.1168517664565659,358629.33651674545,POINT (91.8295739348371 1.8045112781954877)
291.72932330827064,91.76691729323309,1.8796992481202999,19793.812076305345,1914.7956057976526,0.1193442709210976,344862.44553391635,POINT (91.76691729323309 1.8796992481202999)
292.7318295739348,91.70426065162907,1.954887218045112,19615.962680702127,1883.2648333558745,0.12186767288613566,331555.5474518283,POINT (91.70426065162907 1.954887218045112)
293.734335839599,91.64160401002506,2.030075187969924,19439.66910047838,1852.1873554748045,0.12442165351770428,318698.91041681595,POINT (91.64160401002506 2.030075187969924)
294.7368421052631,91.57894736842105,2.1052631578947363,19264.934067943686,1821.5630168901307,0.12700586817024442,306282.61313357356,POINT (91.57894736842105 2.1052631578947363)
295.7393483709273,91.51629072681705,2.1804511278195484,19091.760291252198,1791.3913863913767,0.12961994607155666,294296.5781086544,POINT (91.51629072681705 2.1804511278195484)
296.7418546365915,91.45363408521303,2.2556390977443606,18920.150454360788,1761.6717653042788,0.13226349002744758,282730.60334239644,POINT (91.45363408521303 2.2556390977443606)
297.7443609022556,91.39097744360902,2.3308270676691727,18750.10721698738,1732.403196100492,0.1349360761469318,271574.3924457904,POINT (91.39097744360902 2.3308270676691727)
298.7468671679198,91.32832080200501,2.406015037593985,18581.633214569738,1703.5844711106147,0.13763725358882065,260817.58316819108,POINT (91.32832080200501 2.406015037593985)
299.74937343358397,91.265664160401,2.481203007518797,18414.731058224643,1675.2141413172785,0.1403665443305203,250449.77433051195,POINT (91.265664160401 2.481203007518797)
300.7518796992481,91.203007518797,2.556390977443609,18249.403334707415,1647.2905252059563,0.14312344295985088,240460.5511667001,POINT (91.203007518797 2.556390977443609)
301.7543859649123,91.14035087719299,2.6315789473684212,18085.652606371805,1619.8117176519836,0.14590741649067956,230839.50908375575,POINT (91.14035087719299 2.6315789473684212)
302.7568922305764,91.07769423558898,2.7067669172932334,17923.481411130313,1592.775598823273,0.14871790420314565,221576.27585745353,POINT (91.07769423558898 2.7067669172932334)
303.7593984962406,91.01503759398497,2.7819548872180455,17762.892262414767,1566.1798430790568,0.15155431750923726,212660.53228710504,POINT (91.01503759398497 2.7819548872180455)
304.76190476190476,90.95238095238095,2.857142857142854,17603.88764913754,1540.0219278460936,0.15441603984445362,204082.0313383632,POINT (90.95238095238095 2.857142857142854)
305.7644110275689,90.88972431077694,2.9323308270676662,17446.470035652805,1514.2991424546117,0.15730242658627822,195830.6158080104,POINT (90.88972431077694 2.9323308270676662)
306.76691729323306,90.82706766917293,3.0075187969924784,17290.64186171841,1489.0085969173615,0.16021280500014604,187896.23454910784,POINT (90.82706766917293 3.0075187969924784)
307.76942355889724,90.76441102756893,3.0827067669172905,17136.405542458087,1464.147230636093,0.16314647421357556,180268.95729870058,POINT (90.76441102756893 3.0827067669172905)
308.77192982456137,90.70175438596492,3.1578947368421026,16983.763468323974,1439.711821020789,0.16610270521910675,172938.9881535605,POINT (90.70175438596492 3.1578947368421026)
309.77443609022555,90.6390977443609,3.233082706766915,16832.718005059607,1415.6989920079304,0.1690807409066509,165896.67774218338,POINT (90.6390977443609 3.233082706766915)
310.77694235588973,90.57644110275689,3.308270676691727,16683.271493663226,1392.1052224651348,0.17207979612583596,159132.53414355492,POINT (90.57644110275689 3.308270676691727)
311.77944862155385,90.51378446115288,3.383458646616539,16535.42625035152,1368.9268544703655,0.1750990577788912,152637.23260494077,POINT (90.51378446115288 3.383458646616539)
312.78195488721803,90.45112781954887,3.458646616541351,16389.18456652366,1346.160101454956,0.17813768494458748,146401.6241123493,POINT (90.45112781954887 3.458646616541351)
313.7844611528822,90.38847117794487,3.5338345864661633,16244.548708725866,1323.8010562005566,0.18119480903370522,140416.7428682253,POINT (90.38847117794487 3.5338345864661633)
314.78696741854634,90.32581453634086,3.6090225563909755,16101.520918616297,1301.8456986810743,0.1842695339764739,134673.81273151975,POINT (90.32581453634086 3.6090225563909755)
315.7894736842105,90.26315789473685,3.6842105263157876,15960.103412930184,1280.2899037415045,0.1873609364423861,129164.25267547267,POINT (90.26315789473685 3.6842105263157876)
316.79197994987464,90.20050125313284,3.7593984962405997,15820.29838344561,1259.1294486064635,0.19046806609273817,123879.68131835767,POINT (90.20050125313284 3.7593984962405997)
317.7944862155388,90.13784461152882,3.834586466165412,15682.107996949431,1238.3600202120197,0.19358994586622652,118811.92058203471,POINT (90.13784461152882 3.834586466165412)
318.796992481203,90.07518796992481,3.909774436090224,15545.534395203766,1217.9772223552736,0.19672557229786639,113952.99853251636,POINT (90.07518796992481 3.909774436090224)
319.79949874686713,90.0125313283208,3.984962406015036,15410.579694912798,1197.97658265683,0.19987391587146913,109295.1514558497,POINT (90.0125313283208 3.984962406015036)
320.8020050125313,89.9498746867168,4.060150375939848,15277.245987689923,1178.3535593321249,0.2030339214058629,104830.82522155123,POINT (89.9498746867168 4.060150375939848)
321.8045112781955,89.88721804511277,4.13533834586466,15145.53534002538,1159.1035477682235,0.20620450847499067,100552.6759845479,POINT (89.88721804511277 4.13533834586466)
322.8070175438596,89.82456140350877,4.210526315789473,15015.449793254185,1140.2218869033977,0.20938457186198084,96453.57027516588,POINT (89.82456140350877 4.210526315789473)
323.8095238095238,89.76190476190476,4.285714285714285,14886.991363524532,1121.7038654074076,0.2125729820472255,92526.58452515016,POINT (89.76190476190476 4.285714285714285)
324.812030075188,89.69924812030075,4.360902255639097,14760.162041766467,1103.5447276610712,0.21576858573046206,88765.00407605305,POINT (89.69924812030075 4.360902255639097)
325.8145363408521,89.63659147869674,4.436090225563909,14634.963793661213,1085.7396795341938,0.21897020638678763,85162.32171455886,POINT (89.63659147869674 4.436090225563909)
326.8170426065163,89.57393483709274,4.511278195488721,14511.398559610447,1068.2838939615494,0.22217664485651004,81712.2357775212,POINT (89.57393483709274 4.511278195488721)
327.8195488721804,89.51127819548873,4.586466165413533,14389.468254706415,1051.1725163170595,0.22538667996864792,78408.64786760007,POINT (89.51127819548873 4.586466165413533)
328.8220551378446,89.44862155388472,4.661654135338345,14269.174768702214,1034.4006695867874,0.22859906919787587,75245.66021849113,POINT (89.44862155388472 4.661654135338345)
329.82456140350877,89.3859649122807,4.7368421052631575,14150.519965982458,1017.9634593418386,0.2318125493546372,72217.57274681833,POINT (89.3859649122807 4.7368421052631575)
330.8270676691729,89.32330827067669,4.81203007518797,14033.50568553443,1001.8559785126354,0.23502583730809237,69318.87982582385,POINT (89.32330827067669 4.81203007518797)
331.8295739348371,89.26065162907268,4.887218045112782,13918.133740919526,986.0733119663946,0.23823763074152568,66544.26681406093,POINT (89.26065162907268 4.887218045112782)
332.83208020050125,89.19799498746868,4.962406015037594,13804.405920245234,970.6105408900603,0.24144660893976475,63888.60637039854,POINT (89.19799498746868 4.962406015037594)
333.8345864661654,89.13533834586467,5.037593984962406,13692.323986137315,955.4627469811494,0.2446514336081298,61346.954584741274,POINT (89.13533834586467 5.037593984962406)
334.83709273182956,89.07268170426065,5.112781954887218,13581.889675712562,940.6250164493549,0.24785074972235158,58914.54695203266,POINT (89.07268170426065 5.112781954887218)
335.83959899749374,89.01002506265664,5.18796992481203,13473.104700551878,926.0924438319416,0.25104318640886186,56586.79421528764,POINT (89.01002506265664 5.18796992481203)
336.84210526315786,88.94736842105263,5.2631578947368425,13365.970746673658,911.8601356262743,0.25422735785479766,54359.278101648924,POINT (88.94736842105263 5.2631578947368425)
337.84461152882204,88.88471177944862,5.338345864661651,13260.48947450779,897.9232137429472,0.25740186424699496,52227.74697373332,POINT (88.88471177944862 5.338345864661651)
338.8471177944862,88.82205513784461,5.413533834586463,13156.662518869809,884.2768187832517,0.2605652927392173,50188.11141689844,POINT (88.82205513784461 5.413533834586463)
339.84962406015035,88.7593984962406,5.488721804511275,13054.491488935644,870.9161131448063,0.2637162184467824,48236.43978144782,POINT (88.7593984962406 5.488721804511275)
340.8521303258145,88.6967418546366,5.5639097744360875,12953.977968216597,857.8362839593956,0.2668532054677218,46368.95369727937,POINT (88.6967418546366 5.5639097744360875)
341.85463659147865,88.63408521303259,5.6390977443609,12855.123514534876,845.032545867105,0.2699748079295357,44582.0235769992,POINT (88.63408521303259 5.6390977443609)
342.85714285714283,88.57142857142857,5.714285714285712,12757.929659999398,832.5001436309931,0.2730795710605681,42872.16412213411,POINT (88.57142857142857 5.714285714285712)
343.859649122807,88.50877192982456,5.789473684210524,12662.39791098208,820.2343545966287,0.276166032284966,41236.02984574346,POINT (88.50877192982456 5.789473684210524)
344.86215538847114,88.44611528822055,5.864661654135336,12568.529748094457,808.2304910008324,0.27923272234014557,39670.410623458716,POINT (88.44611528822055 5.864661654135336)
345.8646616541353,88.38345864661655,5.939849624060148,12476.326626164766,796.483902134084,0.28227816641563047,38172.227283792905,POINT (88.38345864661655 5.939849624060148)
346.8671679197995,88.32080200501252,6.01503759398496,12385.789974215353,784.9899763610347,0.2853008853120886,36738.52724742479,POINT (88.32080200501252 6.01503759398496)
347.8696741854636,88.25814536340852,6.090225563909772,12296.92119544062,773.744143003617,0.2882993966193381,35366.4802241028,POINT (88.25814536340852 6.090225563909772)
348.8721804511278,88.19548872180451,6.165413533834585,12209.72166718515,762.7418740912299,0.2912722159120659,34053.37397481361,POINT (88.19548872180451 6.165413533834585)
349.874686716792,88.1328320802005,6.240601503759397,12124.192740922474,751.9786859825062,0.2942178579619328,32796.610145928236,POINT (88.1328320802005 6.240601503759397)
350.8771929824561,88.0701754385965,6.315789473684209,12040.335742234034,741.4501408630949,0.2971348379647286,31593.700181159064,POINT (88.0701754385965 6.315789473684209)
351.8796992481203,88.00751879699249,6.390977443609021,11958.15197078872,731.1518481239355,0.30002167278117386,30442.261316355914,POINT (88.00751879699249 6.390977443609021)
352.88220551378447,87.94486215538848,6.466165413533833,11877.642700322627,721.0794656244143,0.3028768821899515,29340.012661408557,POINT (87.94486215538848 6.466165413533833)
353.8847117794486,87.88220551378447,6.541353383458645,11798.809178619456,711.228700844752,0.30569899015149216,28284.771372822055,POINT (87.88220551378447 6.541353383458645)
354.8872180451128,87.81954887218045,6.616541353383457,11721.652627491028,701.5953119319629,0.30848652608103294,27274.448919892988,POINT (87.81954887218045 6.616541353383457)
355.8897243107769,87.75689223057644,6.6917293233082695,11646.17424275844,692.175108643607,0.311238026129407,26307.047446809356,POINT (87.75689223057644 6.6917293233082695)
356.8922305764411,87.69423558897243,6.766917293233082,11572.375194233478,682.963953193539,0.31395203447001907,25380.656232458703,POINT (87.69423558897243 6.766917293233082)
357.89473684210526,87.63157894736842,6.842105263157894,11500.256625700538,673.957761003744,0.3166271045904184,24493.44824922281,POINT (87.63157894736842 6.842105263157894)
358.8972431077694,87.56892230576442,6.917293233082706,11429.819654898878,665.1525013663286,0.31926180058686854,23643.676821588346,POINT (87.56892230576442 6.917293233082706)
359.89974937343356,87.5062656641604,6.992481203007518,11361.065373505262,656.5441980195956,0.3218546984602866,22829.672384981448,POINT (87.5062656641604 6.992481203007518)
360.90225563909775,87.44360902255639,7.06766917293233,11293.994847117108,648.1289296420828,0.3244043874119025,22049.839344863303,POINT (87.44360902255639 7.06766917293233)
361.90476190476187,87.38095238095238,7.142857142857142,11228.609115235857,639.90283026835,0.32690947113698654,21302.65303578538,POINT (87.38095238095238 7.142857142857142)
362.90726817042605,87.31829573934837,7.2180451127819545,11164.909191251048,631.8620896302109,0.3293685691149569,20586.656779798865,POINT (87.31829573934837 7.2180451127819545)
363.90977443609023,87.25563909774436,7.293233082706767,11102.896062424377,624.0029534269943,0.33178031789420537,19900.45904334157,POINT (87.25563909774436 7.293233082706767)
364.91228070175436,87.19298245614036,7.368421052631579,11042.570689874643,616.3217235283528,0.3341433723699203,19242.730691486082,POINT (87.19298245614036 7.368421052631579)
365.91478696741854,87.13032581453635,7.443609022556391,10983.934008562646,608.8147581130188,0.33645640705324353,18612.202338220737,POINT (87.13032581453635 7.443609022556391)
366.91729323308266,87.06766917293234,7.518796992481203,10926.986927276797,601.4784717468292,0.33871811733003526,18007.661791248844,POINT (87.06766917293234 7.518796992481203)
367.91979949874684,87.00501253132832,7.593984962406015,10871.730328619029,594.3093354032089,0.3409272207075666,17427.951589628417,POINT (87.00501253132832 7.593984962406015)
368.922305764411,86.94235588972431,7.669172932330824,10818.165068991118,587.3038764292505,0.3430824580474438,16871.96663243954,POINT (86.94235588972431 7.669172932330824)
369.92481203007515,86.8796992481203,7.744360902255636,10766.291978581372,580.4586784603962,0.3451825947830811,16338.651896545167,POINT (86.8796992481203 7.744360902255636)
370.9273182957393,86.8170426065163,7.819548872180448,10716.111861351761,573.7703812866248,0.3472264221200436,15827.000241411986,POINT (86.8170426065163 7.819548872180448)
371.9298245614035,86.75438596491227,7.89473684210526,10667.625495025553,567.2356806729886,0.3492127582175989,15336.050298880018,POINT (86.75438596491227 7.89473684210526)
372.93233082706763,86.69172932330827,7.969924812030072,10620.833631075162,560.8513281372034,0.3511404493498426,14864.88444570069,POINT (86.69172932330827 7.969924812030072)
373.9348370927318,86.62907268170426,8.045112781954884,10575.736994710503,554.6141306869122,0.3530083710447606,14412.626856613151,POINT (86.62907268170426 8.045112781954884)
374.937343358396,86.56641604010025,8.120300751879697,10532.336284867837,548.5209505191715,0.35481542919962666,13978.441635693682,POINT (86.56641604010025 8.120300751879697)
375.9398496240601,86.50375939849624,8.195488721804509,10490.632174198821,542.5687046845769,0.3565605611711668,13561.531023684642,POINT (86.50375939849624 8.195488721804509)
376.9423558897243,86.44110275689223,8.27067669172932,10450.625309060153,536.7543647183866,0.3582427368389273,13161.133678997488,POINT (86.44110275689223 8.27067669172932)
377.9448621553885,86.37844611528823,8.345864661654133,10412.316309503614,531.0749562408719,0.3598609596403332,12776.523030077433,POINT (86.37844611528823 8.345864661654133)
378.9473684210526,86.31578947368422,8.421052631578945,10375.705769266322,525.5275585290883,0.36141426757596096,12407.005696825481,POINT (86.31578947368422 8.421052631578945)
379.9498746867168,86.2531328320802,8.496240601503757,10340.79425576159,520.109304062109,0.3629017341835606,12051.91997878082,POINT (86.2531328320802 8.496240601503757)
380.9523809523809,86.19047619047619,8.57142857142857,10307.582310070182,514.8173780417319,0.364322469479427,11710.63440778999,POINT (86.19047619047619 8.57142857142857)
381.9548872180451,86.12781954887218,8.646616541353382,10276.070446931873,509.64901789055784,0.3656756208657565,11382.546362912328,POINT (86.12781954887218 8.646616541353382)
382.95739348370927,86.06516290726817,8.721804511278194,10246.259154737432,504.6015127292576,0.3669603740026629,11067.08074534188,POINT (86.06516290726817 8.721804511278194)
383.9598997493734,86.00250626566417,8.796992481203006,10218.148895521197,499.67220283477945,0.36817595364356837,10763.688711162293,POINT (86.00250626566417 8.796992481203006)
384.9624060150376,85.93984962406014,8.872180451127818,10191.74010495373,494.8584790811492,0.3693216244327686,10471.846459789522,POINT (85.93984962406014 8.872180451127818)
385.96491228070175,85.87719298245614,8.94736842105263,10167.03319233522,490.1577823644657,0.37039669166396694,10191.05407600109,POINT (85.87719298245614 8.94736842105263)
386.9674185463659,85.81453634085213,9.022556390977442,10144.028540589017,485.56760301359736,0.37140050199868674,9920.834423495658,POINT (85.81453634085213 9.022556390977442)
387.96992481203006,85.75187969924812,9.097744360902254,10122.726506255785,481.0854801880296,0.37233244414347766,9660.732087975157,POINT (85.75187969924812 9.097744360902254)
388.97243107769424,85.68922305764411,9.172932330827066,10103.127419487952,476.70900126422475,0.3731919494849246,9410.312367791306,POINT (85.68922305764411 9.172932330827066)
389.97493734335836,85.6265664160401,9.248120300751879,10085.23158404458,472.4358012118273,0.37397849268151073,9169.160310252031,POINT (85.6265664160401 9.248120300751879)
390.97744360902254,85.5639097744361,9.32330827067669,10069.039277286647,468.26356196091365,0.37469159221145387,8936.879791732248,POINT (85.5639097744361 9.32330827067669)
391.97994987468667,85.50125313283209,9.398496240601503,10054.55075017277,464.1900117615287,0.37533081087569514,8713.092639793445,POINT (85.50125313283209 9.398496240601503)
392.98245614035085,85.43859649122807,9.473684210526315,10041.766227255343,460.21292453655406,0.3758957562552915,8497.437795562892,POINT (85.43859649122807 9.473684210526315)
393.98496240601503,85.37593984962406,9.548872180451127,10030.685906676983,456.3301192290255,0.3763860811225299,8289.570514685538,POINT (85.37593984962406 9.548872180451127)
394.98746867167915,85.31328320802005,9.62406015037594,10021.30996016752,452.5394591448794,0.37680148380513745,8089.161605211525,POINT (85.31328320802005 9.62406015037594)
395.98997493734333,85.25062656641605,9.699248120300751,10013.638533041303,448.83885129206465,0.37714170850304934,7895.896700837521,POINT (85.25062656641605 9.699248120300751)
396.9924812030075,85.18796992481202,9.774436090225564,10007.671744194973,445.22624571695087,0.37740654555725306,7709.475567976679,POINT (85.18796992481202 9.774436090225564)
397.99498746867164,85.12531328320802,9.849624060150376,10003.409686105602,441.699634838832,0.37759583167030825,7529.611445181261,POINT (85.12531328320802 9.849624060150376)
398.9974937343358,85.06265664160401,9.924812030075188,10000.852424829252,438.25705278337045,0.3777094500782064,7356.030413499943,POINT (85.06265664160401 9.924812030075188)
400.0,85.0,10.0,10000.0,434.89657471568626,0.3777473306733123,7188.470796398892,POINT (85 10)
